/*
    ■■■ 팀별 실습 과제 ■■■
    HR 샘플 스키마 ERD 를 이용한 테이블 구성.

    팀별로 HR 스키마에 있는 기본테이블(7개)
    COUNTRIES / DEPARTMENTS / EMPLOYEES / JOB_HISTORY / JOBS / LOCATIONS / REGIONS 을
    똑같이 새로 구성한다.

    단, 생성하는 테이블의 이름은 『테이블명+팀번호』
    COUNTRIES04 / DEPARTMENTS04 / EMPLOYEES04 / JOB_HISTORY04 / JOBS04 / LOCATIONS04 / REGIONS04 을


    1. 기존 테이블의 정보 수집
    2. 테이블 생성(컬럼 이름, 자료형, DEFAULT 표현식, NOT NULL 등...)
       제약조건 설정(PK, UK, FK, CK, ... NN)       
    3. 작성 후 데이터 입력(입력과정에서 순서, 가능여부를 직접 확인하는 차원에서 직접 입력하세요.  테이블 복사 안됩니다)
    4. 제출 항목
       20190405_01_hr_팀별실습과제_4조.sql 
       후기_4조.txt
*/    
    
-- 접속 계정 확인
SELECT USER
FROM DUAL;
--==> HR

--제약조건 확인
SELECT *
FROM VIEW_CONSTCHECK
WHERE TABLE_NAME='JOBS';

--뷰(VIEW) 테이블 생성
CREATE OR REPLACE VIEW VIEW_CONSTCHECK
AS
SELECT UC.OWNER      "OWNER"
, UC.CONSTRAINT_NAME  "CONSTRAINT_NAME"
, UC.CONSTRAINT_TYPE  "CONSTRAINT_TYPE"
, UC.TABLE_NAME       "TABLE_NAME"
, UCC.COLUMN_NAME     "COLUMN_NAME"
, UC.SEARCH_CONDITION "SEARCH_CONDITION"
FROM USER_CONSTRAINTS UC JOIN USER_CONS_COLUMNS UCC
ON UC.CONSTRAINT_NAME = UCC.CONSTRAINT_NAME;

--View VIEW_CONSTCHECK이(가) 생성되었습니다.


SELECT *
FROM USER_CONS_COLUMNS UCC;
--USER_CONSTRAINTS UC JOIN USER_CONS_COLUMNS UCC
;


-- 테이블 생성
-- 부모 테이블, 자식 테이블 관계에 따른 순서로 테이블을 생성
--○ 『REGION04』테이블 생성
CREATE TABLE REGIONS04
( REGION_ID        NUMBER       CONSTRAINT REGION04_ID_NN   NOT NULL
, REGION_NAME      VARCHAR2(25) 
, CONSTRAINT REG04_ID_PK        PRIMARY KEY(REGION_ID)
);

-- 『REGION04』 데이터 입력
INSERT INTO REGIONS04(REGION_ID, REGION_NAME) VALUES(1, 'Europe');
INSERT INTO REGIONS04(REGION_ID, REGION_NAME) VALUES(2, 'Americas');
INSERT INTO REGIONS04(REGION_ID, REGION_NAME) VALUES(3, 'Asia');
INSERT INTO REGIONS04(REGION_ID, REGION_NAME) VALUES(4, 'Middle East and Africa');
--1 행 이(가) 삽입되었습니다. * 4 


-- 『REGION04』 데이터 확인
SELECT *
FROM REGIONS04;


--○ 『COUNTRIES04』 테이블 생성
CREATE TABLE COUNTRIES04
( COUNTRY_ID        CHAR(2)         CONSTRAINT COUNTRY_ID NOT NULL
, COUNTRY_NAME      VARCHAR2(40)
, REGION_ID         NUMBER
, CONSTRAINT COUNTRY04_C_ID_PK      PRIMARY KEY(COUNTRY_ID)
, CONSTRAINT COUNTRY04_REG_FK       FOREIGN KEY(REGION_ID) 
            REFERENCES REGIONS04(REGION_ID)
);
--Table COUNTRIES04이(가) 생성되었습니다.


ALTER TABLE COUNTRIES04
ADD CONSTRAINT COUNTRY04_REG_FK     FOREIGN KEY(REGION_ID) 
              REFERENCES REGIONS04(REGION_ID);


--『COUNTRIES04』 테이블 데이터 입력
INSERT INTO COUNTRIES04(COUNTRY_ID,COUNTRY_NAME,REGION_ID) VALUES ('AR','Argentina',2);
INSERT INTO COUNTRIES04(COUNTRY_ID,COUNTRY_NAME,REGION_ID) VALUES ('AU','Australia',3);
INSERT INTO COUNTRIES04(COUNTRY_ID,COUNTRY_NAME,REGION_ID) VALUES ('BE','Belgium',1);
INSERT INTO COUNTRIES04(COUNTRY_ID,COUNTRY_NAME,REGION_ID) VALUES ('BR','Brazil',2);
INSERT INTO COUNTRIES04(COUNTRY_ID,COUNTRY_NAME,REGION_ID) VALUES ('CA','Canada',2);
INSERT INTO COUNTRIES04(COUNTRY_ID,COUNTRY_NAME,REGION_ID) VALUES ('CH','Switzerland',1);
INSERT INTO COUNTRIES04(COUNTRY_ID,COUNTRY_NAME,REGION_ID) VALUES ('CN','China',3);
INSERT INTO COUNTRIES04(COUNTRY_ID,COUNTRY_NAME,REGION_ID) VALUES ('DE','Germany',1);
INSERT INTO COUNTRIES04(COUNTRY_ID,COUNTRY_NAME,REGION_ID) VALUES ('DK','Denmark',1);
INSERT INTO COUNTRIES04(COUNTRY_ID,COUNTRY_NAME,REGION_ID) VALUES ('EG','Egypt',4);
INSERT INTO COUNTRIES04(COUNTRY_ID,COUNTRY_NAME,REGION_ID) VALUES ('FR','France',1);
INSERT INTO COUNTRIES04(COUNTRY_ID,COUNTRY_NAME,REGION_ID) VALUES ('IL','Israel',4);
INSERT INTO COUNTRIES04(COUNTRY_ID,COUNTRY_NAME,REGION_ID) VALUES ('IN','India',3);
INSERT INTO COUNTRIES04(COUNTRY_ID,COUNTRY_NAME,REGION_ID) VALUES ('IT','Italy',1);
INSERT INTO COUNTRIES04(COUNTRY_ID,COUNTRY_NAME,REGION_ID) VALUES ('JP','Japan',3);
INSERT INTO COUNTRIES04(COUNTRY_ID,COUNTRY_NAME,REGION_ID) VALUES ('KW','Kuwait',4);
INSERT INTO COUNTRIES04(COUNTRY_ID,COUNTRY_NAME,REGION_ID) VALUES ('ML','Malaysia',3);
INSERT INTO COUNTRIES04(COUNTRY_ID,COUNTRY_NAME,REGION_ID) VALUES ('MX','Mexico',2);
INSERT INTO COUNTRIES04(COUNTRY_ID,COUNTRY_NAME,REGION_ID) VALUES ('NG','Nigeria',4);
INSERT INTO COUNTRIES04(COUNTRY_ID,COUNTRY_NAME,REGION_ID) VALUES ('NL','Netherlands',1);
INSERT INTO COUNTRIES04(COUNTRY_ID,COUNTRY_NAME,REGION_ID) VALUES ('SG','Singapore',3);
INSERT INTO COUNTRIES04(COUNTRY_ID,COUNTRY_NAME,REGION_ID) VALUES ('UK','United Kingdom',1);
INSERT INTO COUNTRIES04(COUNTRY_ID,COUNTRY_NAME,REGION_ID) VALUES ('US','United States of America',2);
INSERT INTO COUNTRIES04(COUNTRY_ID,COUNTRY_NAME,REGION_ID) VALUES ('ZM','Zambia',4);
INSERT INTO COUNTRIES04(COUNTRY_ID,COUNTRY_NAME,REGION_ID) VALUES ('ZW','Zimbabwe',4);


-- 『COUNTRIES04』 데이터 확인
SELECT *
FROM COUNTRIES04;

--○ 『LOCATIONS04』 테이블 생성
CREATE TABLE LOCATIONS04
( LOCATION_ID           NUMBER(4)
, STREET_ADDRESS        VARCHAR2(40)
, POSTAL_CODE           VARCHAR2(12)
, CITY                  VARCHAR(30)      CONSTRAINT LOC04_CITY_NN NOT NULL
, STATE_PROVINCE        VARCHAR2(25)
, COUNTRY_ID CHAR(2)
, CONSTRAINT LOC04_ID_PK PRIMARY KEY(LOCATION_ID)
);
-- Table LOCATIONS04이(가) 생성되었습니다.

ALTER TABLE LOCATIONS04
ADD CONSTRAINT LOC04_C_ID_FK            FOREIGN KEY(COUNTRY_ID) 
                REFERENCES COUNTRIES04(COUNTRY_ID);
--Table LOCATIONS04이(가) 변경되었습니다.


-- 『LOCATIONS04』 테이블 데이터 입력
INSERT INTO LOCATIONS04(LOCATION_ID, STREET_ADDRESS, POSTAL_CODE, CITY,  COUNTRY_ID) 
VALUES(1000, '1297 Via Cola di Rie', '00989','Roma','IT');
INSERT INTO LOCATIONS04(LOCATION_ID, STREET_ADDRESS, POSTAL_CODE, CITY,  COUNTRY_ID) 
VALUES(1100, '93091 Calle della Testa', '10934','Venice','IT');
INSERT INTO LOCATIONS04(LOCATION_ID, STREET_ADDRESS, POSTAL_CODE, CITY, STATE_PROVINCE, COUNTRY_ID) 
VALUES(1200, '2017 Shinjuku-ku', '1689', 'Tokyo', 'Tokyo Prefecture', 'JP');
INSERT INTO LOCATIONS04(LOCATION_ID, STREET_ADDRESS, POSTAL_CODE, CITY, COUNTRY_ID) 
VALUES(1300, '9450 Kamiya-cho',	'6823', 'Hiroshima', 'JP');
INSERT INTO LOCATIONS04(LOCATION_ID, STREET_ADDRESS, POSTAL_CODE, CITY, STATE_PROVINCE, COUNTRY_ID) 
VALUES(1400, '2014 Jabberwocky Rd',	'26192',	'Southlake', 'Texas', 'US');
INSERT INTO LOCATIONS04(LOCATION_ID, STREET_ADDRESS, POSTAL_CODE, CITY, STATE_PROVINCE, COUNTRY_ID) 
VALUES(1500, '2011 Interiors Blvd',	'99236', 'South San Francisco', 'California', 'US');
INSERT INTO LOCATIONS04(LOCATION_ID, STREET_ADDRESS, POSTAL_CODE, CITY, STATE_PROVINCE, COUNTRY_ID) 
VALUES(1600, '2007 Zagora St', '50090', 'South Brunswick', 'New Jersey', 'US');
INSERT INTO LOCATIONS04(LOCATION_ID, STREET_ADDRESS, POSTAL_CODE, CITY, STATE_PROVINCE, COUNTRY_ID) 
VALUES(1700, '2004 Charade Rd',	'98199',	'Seattle',	'Washington',	'US');
INSERT INTO LOCATIONS04(LOCATION_ID, STREET_ADDRESS, POSTAL_CODE, CITY, STATE_PROVINCE, COUNTRY_ID) 
VALUES(1800, '147 Spadina Ave',	'M5V 2L7',	'Toronto',	'Ontario',	'CA');
INSERT INTO LOCATIONS04(LOCATION_ID, STREET_ADDRESS, POSTAL_CODE, CITY, STATE_PROVINCE, COUNTRY_ID) 
VALUES(1900,'6092 Boxwood St', 'YSW 9T2', 'Whitehorse','Yukon','CA');
INSERT INTO LOCATIONS04(LOCATION_ID, STREET_ADDRESS, POSTAL_CODE, CITY, STATE_PROVINCE, COUNTRY_ID) 
VALUES(2000,'40-5-12 Laogianggen', '190518', 'Beijing', NULL,'CN');
INSERT INTO LOCATIONS04(LOCATION_ID, STREET_ADDRESS, POSTAL_CODE, CITY, STATE_PROVINCE, COUNTRY_ID) 
VALUES(2100,'1298 Vileparle (E)', '490231', 'Bombay', 'Maharashtra',	'IN');
INSERT INTO LOCATIONS04(LOCATION_ID, STREET_ADDRESS, POSTAL_CODE, CITY, STATE_PROVINCE, COUNTRY_ID) 
VALUES(2200,'12-98 Victoria Street',	'2901',	'Sydney',	'New South Wales',	'AU');
INSERT INTO LOCATIONS04(LOCATION_ID, STREET_ADDRESS, POSTAL_CODE, CITY, STATE_PROVINCE, COUNTRY_ID) 
VALUES(2300,'198 Clementi North','540198','Singapore',NULL,'SG');
INSERT INTO LOCATIONS04(LOCATION_ID, STREET_ADDRESS, POSTAL_CODE, CITY, STATE_PROVINCE, COUNTRY_ID) 
VALUES(2400,'8204 Arthur St', NULL,	'London', NULL,	'UK');
INSERT INTO LOCATIONS04(LOCATION_ID, STREET_ADDRESS, POSTAL_CODE, CITY, STATE_PROVINCE, COUNTRY_ID) 
VALUES(2500,'Magdalen Centre, The Oxford Science Park','OX9 9ZB','Oxford','Oxford',	'UK');
INSERT INTO LOCATIONS04(LOCATION_ID, STREET_ADDRESS, POSTAL_CODE, CITY, STATE_PROVINCE, COUNTRY_ID) 
VALUES(2600,'9702 Chester Road','09629850293','Stretford','Manchester','UK');
INSERT INTO LOCATIONS04(LOCATION_ID, STREET_ADDRESS, POSTAL_CODE, CITY, STATE_PROVINCE, COUNTRY_ID) 
VALUES(2700,'Schwanthalerstr. 7031','80925','Munich','Bavaria','DE');
INSERT INTO LOCATIONS04(LOCATION_ID, STREET_ADDRESS, POSTAL_CODE, CITY, STATE_PROVINCE, COUNTRY_ID) 
VALUES(2800,'Rua Frei Caneca 1360','01307-002','Sao Paulo','Sao Paulo','BR');
INSERT INTO LOCATIONS04(LOCATION_ID, STREET_ADDRESS, POSTAL_CODE, CITY, STATE_PROVINCE, COUNTRY_ID) 
VALUES(2900,'20 Rue des Corps-Saints','1730','Geneva','Geneve','CH');
INSERT INTO LOCATIONS04(LOCATION_ID, STREET_ADDRESS, POSTAL_CODE, CITY, STATE_PROVINCE, COUNTRY_ID) 
VALUES(3000,'Murtenstrasse 921','3095','Bern','BE','CH');
INSERT INTO LOCATIONS04(LOCATION_ID, STREET_ADDRESS, POSTAL_CODE, CITY, STATE_PROVINCE, COUNTRY_ID) 
VALUES(3100,'Pieter Breughelstraat 837','3029SK','Utrecht','Utrecht','NL');
INSERT INTO LOCATIONS04(LOCATION_ID, STREET_ADDRESS, POSTAL_CODE, CITY, STATE_PROVINCE, COUNTRY_ID) 
VALUES(3200,'Mariano Escobedo 9991','11932','Mexico City','Distrito Federal,','MX');
--행 이(가) 삽입되었습니다.  


--○ 『JOBS04』 테이블 생성
CREATE TABLE JOBS04
( JOB_ID        VARCHAR2(10)
, JOB_TITLE     VARCHAR2(35)
, MIN_SALARY    NUMBER(6)
, MAX_SALARY    NUMBER(6)
, CONSTRAINT JOBS04_ID_PK               PRIMARY KEY(JOB_ID)
, CONSTRAINT JOBS04_TITLE_NN            CHECK(JOB_TITLE IS NOT NULL)
);
--Table JOBS04이(가) 생성되었습니다.


-- 『COUNTRIES04』 데이터 확인
SELECT *
FROM JOBS04;


-- 『JOBS04』 데이터 입력
INSERT INTO JOBS04(JOB_ID, JOB_TITLE, MIN_SALARY, MAX_SALARY) VALUES('AC_ACCOUNT', 'Public Accountant', 4200, 9000);
INSERT INTO JOBS04(JOB_ID, JOB_TITLE, MIN_SALARY, MAX_SALARY) VALUES('AC_MGR', 'Accounting Manager', 8200, 16000);
INSERT INTO JOBS04(JOB_ID, JOB_TITLE, MIN_SALARY, MAX_SALARY) VALUES('AD_ASST', 'Administration Assistant', 3000, 6000);
INSERT INTO JOBS04(JOB_ID, JOB_TITLE, MIN_SALARY, MAX_SALARY) VALUES('AD_PRES', 'President', 20080, 40000);
INSERT INTO JOBS04(JOB_ID, JOB_TITLE, MIN_SALARY, MAX_SALARY) VALUES('AD_VP', 'Administration Vice President', 15000, 30000);
INSERT INTO JOBS04(JOB_ID, JOB_TITLE, MIN_SALARY, MAX_SALARY) VALUES('FI_ACCOUNT', 'Accountant', 4200, 9000);
INSERT INTO JOBS04(JOB_ID, JOB_TITLE, MIN_SALARY, MAX_SALARY) VALUES('FI_MGR', 'Finance Manager', 8200, 16000);
INSERT INTO JOBS04(JOB_ID, JOB_TITLE, MIN_SALARY, MAX_SALARY) VALUES('HR_REP', 'Human Resources Representative', 4000, 9000);
INSERT INTO JOBS04(JOB_ID, JOB_TITLE, MIN_SALARY, MAX_SALARY) VALUES('IT_PROG', 'Programmer', 4000, 10000);
INSERT INTO JOBS04(JOB_ID, JOB_TITLE, MIN_SALARY, MAX_SALARY) VALUES('MK_MAN', 'Marketing Manager', 9000, 15000);
INSERT INTO JOBS04(JOB_ID, JOB_TITLE, MIN_SALARY, MAX_SALARY) VALUES('MK_REP', 'Marketing Representative', 4000, 9000);
INSERT INTO JOBS04(JOB_ID, JOB_TITLE, MIN_SALARY, MAX_SALARY) VALUES('PR_REP', 'Public Relations Representative', 4500, 10500);
INSERT INTO JOBS04(JOB_ID, JOB_TITLE, MIN_SALARY, MAX_SALARY) VALUES('PU_CLERK', 'Purchasing Clerk', 2500, 5500);
INSERT INTO JOBS04(JOB_ID, JOB_TITLE, MIN_SALARY, MAX_SALARY) VALUES('PU_MAN', 'Purchasing Manager', 8000, 15000);
INSERT INTO JOBS04(JOB_ID, JOB_TITLE, MIN_SALARY, MAX_SALARY) VALUES('SA_MAN', 'Sales Manager', 10000, 20080);
INSERT INTO JOBS04(JOB_ID, JOB_TITLE, MIN_SALARY, MAX_SALARY) VALUES('SA_REP', 'Sales Representative', 6000, 12008);
INSERT INTO JOBS04(JOB_ID, JOB_TITLE, MIN_SALARY, MAX_SALARY) VALUES('SH_CLERK', 'Shipping Clerk', 2500, 5500);
INSERT INTO JOBS04(JOB_ID, JOB_TITLE, MIN_SALARY, MAX_SALARY) VALUES('ST_CLERK', 'Stock Clerk', 2008, 5000);
INSERT INTO JOBS04(JOB_ID, JOB_TITLE, MIN_SALARY, MAX_SALARY) VALUES('ST_MAN', 'Stock Manager', 5500, 8500);


--○ 『EMPLOYEES04』 테이블 생성
CREATE TABLE EMPLOYEES04
( EMPLOYEE_ID       NUMBER(6)       
, FIRST_NAME        VARCHAR2(20)
, LAST_NAME         VARCHAR2(25)
, EMAIL             VARCHAR2(25)    
, PHONE_NUMBER      VARCHAR2(20)
, HIRE_DATE         DATE
, JOB_ID            VARCHAR2(10)
, SALARY            NUMBER(8,2)
, COMMISSION_PCT    NUMBER(2,2)
, MANAGER_ID        NUMBER(6)
, DEPARTMENT_ID     NUMBER(4)
);
--Table EMPLOYEES04이(가) 생성되었습니다.

SELECT *
FROM VIEW_CONSTCHECK
WHERE TABLE_NAME= 'EMPLOYEES04';

-- 『EMPLOYEES04』 테이블 데이터 입력

INSERT INTO EMPLOYEES04 (EMPLOYEE_ID, FIRST_NAME, LAST_NAME, EMAIL, PHONE_NUMBER, HIRE_DATE, JOB_ID, SALARY, COMMISSION_PCT, MANAGER_ID, DEPARTMENT_ID) VALUES(100,'Steven','King','SKING','515.123.4567','2003-06-17 00:00:00','AD_PRES',24000,NULL,NULL,90);
INSERT INTO EMPLOYEES04 (EMPLOYEE_ID, FIRST_NAME, LAST_NAME, EMAIL, PHONE_NUMBER, HIRE_DATE, JOB_ID, SALARY, COMMISSION_PCT, MANAGER_ID, DEPARTMENT_ID) VALUES(101,'Neena','Kochhar','NKOCHHAR','515.123.4568','2005-09-21 00:00:00','AD_VP',17000,NULL,100,90);
INSERT INTO EMPLOYEES04 (EMPLOYEE_ID, FIRST_NAME, LAST_NAME, EMAIL, PHONE_NUMBER, HIRE_DATE, JOB_ID, SALARY, COMMISSION_PCT, MANAGER_ID, DEPARTMENT_ID) VALUES(102,'Lex','De Haan','LDEHAAN','515.123.4569','2001-01-13 00:00:00','AD_VP',17000,NULL,100,90);
INSERT INTO EMPLOYEES04 (EMPLOYEE_ID, FIRST_NAME, LAST_NAME, EMAIL, PHONE_NUMBER, HIRE_DATE, JOB_ID, SALARY, COMMISSION_PCT, MANAGER_ID, DEPARTMENT_ID) VALUES(103,'Alexander','Hunold','AHUNOLD','590.423.4567','2006-01-03 00:00:00','IT_PROG',9000,NULL,102,60);
INSERT INTO EMPLOYEES04 (EMPLOYEE_ID, FIRST_NAME, LAST_NAME, EMAIL, PHONE_NUMBER, HIRE_DATE, JOB_ID, SALARY, COMMISSION_PCT, MANAGER_ID, DEPARTMENT_ID) VALUES(104,'Bruce','Ernst','BERNST','590.423.4568','2007-05-21 00:00:00','IT_PROG',6000,NULL,103,60);
INSERT INTO EMPLOYEES04 (EMPLOYEE_ID, FIRST_NAME, LAST_NAME, EMAIL, PHONE_NUMBER, HIRE_DATE, JOB_ID, SALARY, COMMISSION_PCT, MANAGER_ID, DEPARTMENT_ID) VALUES(105,'David','Austin','DAUSTIN','590.423.4569','2005-06-25 00:00:00','IT_PROG',4800,NULL,103,60);
INSERT INTO EMPLOYEES04 (EMPLOYEE_ID, FIRST_NAME, LAST_NAME, EMAIL, PHONE_NUMBER, HIRE_DATE, JOB_ID, SALARY, COMMISSION_PCT, MANAGER_ID, DEPARTMENT_ID) VALUES(106,'Valli','Pataballa','VPATABAL','590.423.4560','2006-02-05 00:00:00','IT_PROG',4800,NULL,103,60);
INSERT INTO EMPLOYEES04 (EMPLOYEE_ID, FIRST_NAME, LAST_NAME, EMAIL, PHONE_NUMBER, HIRE_DATE, JOB_ID, SALARY, COMMISSION_PCT, MANAGER_ID, DEPARTMENT_ID) VALUES(107,'Diana','Lorentz','DLORENTZ','590.423.5567','2007-02-07 00:00:00','IT_PROG',4200,NULL,103,60);
INSERT INTO EMPLOYEES04 (EMPLOYEE_ID, FIRST_NAME, LAST_NAME, EMAIL, PHONE_NUMBER, HIRE_DATE, JOB_ID, SALARY, COMMISSION_PCT, MANAGER_ID, DEPARTMENT_ID) VALUES(108,'Nancy','Greenberg','NGREENBE','515.124.4569','2002-08-17 00:00:00','FI_MGR',12008,NULL,101,100);
INSERT INTO EMPLOYEES04 (EMPLOYEE_ID, FIRST_NAME, LAST_NAME, EMAIL, PHONE_NUMBER, HIRE_DATE, JOB_ID, SALARY, COMMISSION_PCT, MANAGER_ID, DEPARTMENT_ID) VALUES(109,'Daniel','Faviet','DFAVIET','515.124.4169','2002-08-16 00:00:00','FI_ACCOUNT',9000,NULL,108,100);
INSERT INTO EMPLOYEES04 (EMPLOYEE_ID, FIRST_NAME, LAST_NAME, EMAIL, PHONE_NUMBER, HIRE_DATE, JOB_ID, SALARY, COMMISSION_PCT, MANAGER_ID, DEPARTMENT_ID) VALUES(110,'John','Chen','JCHEN','515.124.4269','2005-09-28 00:00:00','FI_ACCOUNT',8200,NULL,108,100);
INSERT INTO EMPLOYEES04 (EMPLOYEE_ID, FIRST_NAME, LAST_NAME, EMAIL, PHONE_NUMBER, HIRE_DATE, JOB_ID, SALARY, COMMISSION_PCT, MANAGER_ID, DEPARTMENT_ID) VALUES(111,'Ismael','Sciarra','ISCIARRA','515.124.4369','2005-09-30 00:00:00','FI_ACCOUNT',7700,NULL,108,100);
INSERT INTO EMPLOYEES04 (EMPLOYEE_ID, FIRST_NAME, LAST_NAME, EMAIL, PHONE_NUMBER, HIRE_DATE, JOB_ID, SALARY, COMMISSION_PCT, MANAGER_ID, DEPARTMENT_ID) VALUES(112,'Jose Manuel','Urman','JMURMAN','515.124.4469','2006-03-07 00:00:00','FI_ACCOUNT',7800,NULL,108,100);
INSERT INTO EMPLOYEES04 (EMPLOYEE_ID, FIRST_NAME, LAST_NAME, EMAIL, PHONE_NUMBER, HIRE_DATE, JOB_ID, SALARY, COMMISSION_PCT, MANAGER_ID, DEPARTMENT_ID) VALUES(113,'Luis','Popp','LPOPP','515.124.4567','2007-12-07 00:00:00','FI_ACCOUNT',6900,NULL,108,100);
INSERT INTO EMPLOYEES04 (EMPLOYEE_ID, FIRST_NAME, LAST_NAME, EMAIL, PHONE_NUMBER, HIRE_DATE, JOB_ID, SALARY, COMMISSION_PCT, MANAGER_ID, DEPARTMENT_ID) VALUES(114,'Den','Raphaely','DRAPHEAL','515.127.4561','2002-12-07 00:00:00','PU_MAN',11000,NULL,100,30);
INSERT INTO EMPLOYEES04 (EMPLOYEE_ID, FIRST_NAME, LAST_NAME, EMAIL, PHONE_NUMBER, HIRE_DATE, JOB_ID, SALARY, COMMISSION_PCT, MANAGER_ID, DEPARTMENT_ID) VALUES(115,'Alexander','Khoo','AKHOO','515.127.4562','2003-05-18 00:00:00','PU_CLERK',3100,NULL,114,30);
INSERT INTO EMPLOYEES04 (EMPLOYEE_ID, FIRST_NAME, LAST_NAME, EMAIL, PHONE_NUMBER, HIRE_DATE, JOB_ID, SALARY, COMMISSION_PCT, MANAGER_ID, DEPARTMENT_ID) VALUES(116,'Shelli','Baida','SBAIDA','515.127.4563','2005-12-24 00:00:00','PU_CLERK',2900,NULL,114,30);
INSERT INTO EMPLOYEES04 (EMPLOYEE_ID, FIRST_NAME, LAST_NAME, EMAIL, PHONE_NUMBER, HIRE_DATE, JOB_ID, SALARY, COMMISSION_PCT, MANAGER_ID, DEPARTMENT_ID) VALUES(117,'Sigal','Tobias','STOBIAS','515.127.4564','2005-07-24 00:00:00','PU_CLERK',2800,NULL,114,30);
INSERT INTO EMPLOYEES04 (EMPLOYEE_ID, FIRST_NAME, LAST_NAME, EMAIL, PHONE_NUMBER, HIRE_DATE, JOB_ID, SALARY, COMMISSION_PCT, MANAGER_ID, DEPARTMENT_ID) VALUES(118,'Guy','Himuro','GHIMURO','515.127.4565','2006-11-15 00:00:00','PU_CLERK',2600,NULL,114,30);
INSERT INTO EMPLOYEES04 (EMPLOYEE_ID, FIRST_NAME, LAST_NAME, EMAIL, PHONE_NUMBER, HIRE_DATE, JOB_ID, SALARY, COMMISSION_PCT, MANAGER_ID, DEPARTMENT_ID) VALUES(119,'Karen','Colmenares','KCOLMENA','515.127.4566','2007-08-10 00:00:00','PU_CLERK',2500,NULL,114,30);
INSERT INTO EMPLOYEES04 (EMPLOYEE_ID, FIRST_NAME, LAST_NAME, EMAIL, PHONE_NUMBER, HIRE_DATE, JOB_ID, SALARY, COMMISSION_PCT, MANAGER_ID, DEPARTMENT_ID) VALUES(120,'Matthew','Weiss','MWEISS','650.123.1234','2004-07-18 00:00:00','ST_MAN',8000,NULL,100,50);
INSERT INTO EMPLOYEES04 (EMPLOYEE_ID, FIRST_NAME, LAST_NAME, EMAIL, PHONE_NUMBER, HIRE_DATE, JOB_ID, SALARY, COMMISSION_PCT, MANAGER_ID, DEPARTMENT_ID) VALUES(121,'Adam','Fripp','AFRIPP','650.123.2234','2005-04-10 00:00:00','ST_MAN',8200,NULL,100,50);
INSERT INTO EMPLOYEES04 (EMPLOYEE_ID, FIRST_NAME, LAST_NAME, EMAIL, PHONE_NUMBER, HIRE_DATE, JOB_ID, SALARY, COMMISSION_PCT, MANAGER_ID, DEPARTMENT_ID) VALUES(122,'Payam','Kaufling','PKAUFLIN','650.123.3234','2003-05-01 00:00:00','ST_MAN',7900,NULL,100,50);
INSERT INTO EMPLOYEES04 (EMPLOYEE_ID, FIRST_NAME, LAST_NAME, EMAIL, PHONE_NUMBER, HIRE_DATE, JOB_ID, SALARY, COMMISSION_PCT, MANAGER_ID, DEPARTMENT_ID) VALUES(123,'Shanta','Vollman','SVOLLMAN','650.123.4234','2005-10-10 00:00:00','ST_MAN',6500,NULL,100,50);
INSERT INTO EMPLOYEES04 (EMPLOYEE_ID, FIRST_NAME, LAST_NAME, EMAIL, PHONE_NUMBER, HIRE_DATE, JOB_ID, SALARY, COMMISSION_PCT, MANAGER_ID, DEPARTMENT_ID) VALUES(124,'Kevin','Mourgos','KMOURGOS','650.123.5234','2007-11-16 00:00:00','ST_MAN',5800,NULL,100,50);
INSERT INTO EMPLOYEES04 (EMPLOYEE_ID, FIRST_NAME, LAST_NAME, EMAIL, PHONE_NUMBER, HIRE_DATE, JOB_ID, SALARY, COMMISSION_PCT, MANAGER_ID, DEPARTMENT_ID) VALUES(125,'Julia','Nayer','JNAYER','650.124.1214','2005-07-16 00:00:00','ST_CLERK',3200,NULL,120,50);
INSERT INTO EMPLOYEES04 (EMPLOYEE_ID, FIRST_NAME, LAST_NAME, EMAIL, PHONE_NUMBER, HIRE_DATE, JOB_ID, SALARY, COMMISSION_PCT, MANAGER_ID, DEPARTMENT_ID) VALUES(126,'Irene','Mikkilineni','IMIKKILI','650.124.1224','2006-09-28 00:00:00','ST_CLERK',2700,NULL,120,50);
INSERT INTO EMPLOYEES04 (EMPLOYEE_ID, FIRST_NAME, LAST_NAME, EMAIL, PHONE_NUMBER, HIRE_DATE, JOB_ID, SALARY, COMMISSION_PCT, MANAGER_ID, DEPARTMENT_ID) VALUES(127,'James','Landry','JLANDRY','650.124.1334','2007-01-14 00:00:00','ST_CLERK',2400,NULL,120,50);
INSERT INTO EMPLOYEES04 (EMPLOYEE_ID, FIRST_NAME, LAST_NAME, EMAIL, PHONE_NUMBER, HIRE_DATE, JOB_ID, SALARY, COMMISSION_PCT, MANAGER_ID, DEPARTMENT_ID) VALUES(128,'Steven','Markle','SMARKLE','650.124.1434','2008-03-08 00:00:00','ST_CLERK',2200,NULL,120,50);
INSERT INTO EMPLOYEES04 (EMPLOYEE_ID, FIRST_NAME, LAST_NAME, EMAIL, PHONE_NUMBER, HIRE_DATE, JOB_ID, SALARY, COMMISSION_PCT, MANAGER_ID, DEPARTMENT_ID) VALUES(129,'Laura','Bissot','LBISSOT','650.124.5234','2005-08-20 00:00:00','ST_CLERK',3300,NULL,121,50);
INSERT INTO EMPLOYEES04 (EMPLOYEE_ID, FIRST_NAME, LAST_NAME, EMAIL, PHONE_NUMBER, HIRE_DATE, JOB_ID, SALARY, COMMISSION_PCT, MANAGER_ID, DEPARTMENT_ID) VALUES(130,'Mozhe','Atkinson','MATKINSO','650.124.6234','2005-10-30 00:00:00','ST_CLERK',2800,NULL,121,50);
INSERT INTO EMPLOYEES04 (EMPLOYEE_ID, FIRST_NAME, LAST_NAME, EMAIL, PHONE_NUMBER, HIRE_DATE, JOB_ID, SALARY, COMMISSION_PCT, MANAGER_ID, DEPARTMENT_ID) VALUES(131,'James','Marlow','JAMRLOW','650.124.7234','2005-02-16 00:00:00','ST_CLERK',2500,NULL,121,50);
INSERT INTO EMPLOYEES04 (EMPLOYEE_ID, FIRST_NAME, LAST_NAME, EMAIL, PHONE_NUMBER, HIRE_DATE, JOB_ID, SALARY, COMMISSION_PCT, MANAGER_ID, DEPARTMENT_ID) VALUES(132,'TJ','Olson','TJOLSON','650.124.8234','2007-04-10 00:00:00','ST_CLERK',2100,NULL,121,50);
INSERT INTO EMPLOYEES04 (EMPLOYEE_ID, FIRST_NAME, LAST_NAME, EMAIL, PHONE_NUMBER, HIRE_DATE, JOB_ID, SALARY, COMMISSION_PCT, MANAGER_ID, DEPARTMENT_ID) VALUES(133,'Jason','Mallin','JMALLIN','650.127.1934','2004-06-14 00:00:00','ST_CLERK',3300,NULL,122,50);
INSERT INTO EMPLOYEES04 (EMPLOYEE_ID, FIRST_NAME, LAST_NAME, EMAIL, PHONE_NUMBER, HIRE_DATE, JOB_ID, SALARY, COMMISSION_PCT, MANAGER_ID, DEPARTMENT_ID) VALUES(134,'Michael','Rogers','MROGERS','650.127.1834','2006-08-26 00:00:00','ST_CLERK',2900,NULL,122,50);
INSERT INTO EMPLOYEES04 (EMPLOYEE_ID, FIRST_NAME, LAST_NAME, EMAIL, PHONE_NUMBER, HIRE_DATE, JOB_ID, SALARY, COMMISSION_PCT, MANAGER_ID, DEPARTMENT_ID) VALUES(135,'Ki','Gee','KGEE','650.127.1734','2007-12-12 00:00:00','ST_CLERK',2400,NULL,122,50);
INSERT INTO EMPLOYEES04 (EMPLOYEE_ID, FIRST_NAME, LAST_NAME, EMAIL, PHONE_NUMBER, HIRE_DATE, JOB_ID, SALARY, COMMISSION_PCT, MANAGER_ID, DEPARTMENT_ID) VALUES(136,'Hazel','Philtanker','HPHILTAN','650.127.1634','2008-02-06 00:00:00','ST_CLERK',2200,NULL,122,50);
INSERT INTO EMPLOYEES04 (EMPLOYEE_ID, FIRST_NAME, LAST_NAME, EMAIL, PHONE_NUMBER, HIRE_DATE, JOB_ID, SALARY, COMMISSION_PCT, MANAGER_ID, DEPARTMENT_ID) VALUES(137,'Renske','Ladwig','RLADWIG','650.121.1234','2003-07-14 00:00:00','ST_CLERK',3600,NULL,123,50);
INSERT INTO EMPLOYEES04 (EMPLOYEE_ID, FIRST_NAME, LAST_NAME, EMAIL, PHONE_NUMBER, HIRE_DATE, JOB_ID, SALARY, COMMISSION_PCT, MANAGER_ID, DEPARTMENT_ID) VALUES(138,'Stephen','Stiles','SSTILES','650.121.2034','2005-10-26 00:00:00','ST_CLERK',3200,NULL,123,50);
INSERT INTO EMPLOYEES04 (EMPLOYEE_ID, FIRST_NAME, LAST_NAME, EMAIL, PHONE_NUMBER, HIRE_DATE, JOB_ID, SALARY, COMMISSION_PCT, MANAGER_ID, DEPARTMENT_ID) VALUES(139,'John','Seo','JSEO','650.121.2019','2006-02-12 00:00:00','ST_CLERK',2700,NULL,123,50);
INSERT INTO EMPLOYEES04 (EMPLOYEE_ID, FIRST_NAME, LAST_NAME, EMAIL, PHONE_NUMBER, HIRE_DATE, JOB_ID, SALARY, COMMISSION_PCT, MANAGER_ID, DEPARTMENT_ID) VALUES(140,'Joshua','Patel','JPATEL','650.121.1834','2006-04-06 00:00:00','ST_CLERK',2500,NULL,123,50);
INSERT INTO EMPLOYEES04 (EMPLOYEE_ID, FIRST_NAME, LAST_NAME, EMAIL, PHONE_NUMBER, HIRE_DATE, JOB_ID, SALARY, COMMISSION_PCT, MANAGER_ID, DEPARTMENT_ID) VALUES(141,'Trenna','Rajs','TRAJS','650.121.8009','2003-10-17 00:00:00','ST_CLERK',3500,NULL,124,50);
INSERT INTO EMPLOYEES04 (EMPLOYEE_ID, FIRST_NAME, LAST_NAME, EMAIL, PHONE_NUMBER, HIRE_DATE, JOB_ID, SALARY, COMMISSION_PCT, MANAGER_ID, DEPARTMENT_ID) VALUES(142,'Curtis','Davies','CDAVIES','650.121.2994','2005-01-29 00:00:00','ST_CLERK',3100,NULL,124,50);
INSERT INTO EMPLOYEES04 (EMPLOYEE_ID, FIRST_NAME, LAST_NAME, EMAIL, PHONE_NUMBER, HIRE_DATE, JOB_ID, SALARY, COMMISSION_PCT, MANAGER_ID, DEPARTMENT_ID) VALUES(143,'Randall','Matos','RMATOS','650.121.2874','2006-03-15 00:00:00','ST_CLERK',2600,NULL,124,50);
INSERT INTO EMPLOYEES04 (EMPLOYEE_ID, FIRST_NAME, LAST_NAME, EMAIL, PHONE_NUMBER, HIRE_DATE, JOB_ID, SALARY, COMMISSION_PCT, MANAGER_ID, DEPARTMENT_ID) VALUES(144,'Peter','Vargas','PVARGAS','650.121.2004','2006-07-09 00:00:00','ST_CLERK',2500,NULL,124,50);
INSERT INTO EMPLOYEES04 (EMPLOYEE_ID, FIRST_NAME, LAST_NAME, EMAIL, PHONE_NUMBER, HIRE_DATE, JOB_ID, SALARY, COMMISSION_PCT, MANAGER_ID, DEPARTMENT_ID) VALUES(145,'John','Russell','JRUSSEL','011.44.1344.429268','2004-10-01 00:00:00','SA_MAN',14000,0.4,100,80);
INSERT INTO EMPLOYEES04 (EMPLOYEE_ID, FIRST_NAME, LAST_NAME, EMAIL, PHONE_NUMBER, HIRE_DATE, JOB_ID, SALARY, COMMISSION_PCT, MANAGER_ID, DEPARTMENT_ID) VALUES(146,'Karen','Partners','KPARTNER','011.44.1344.467268','2005-01-05 00:00:00','SA_MAN',13500,0.3,100,80);
INSERT INTO EMPLOYEES04 (EMPLOYEE_ID, FIRST_NAME, LAST_NAME, EMAIL, PHONE_NUMBER, HIRE_DATE, JOB_ID, SALARY, COMMISSION_PCT, MANAGER_ID, DEPARTMENT_ID) VALUES(147,'Alberto','Errazuriz','AERRAZUR','011.44.1344.429278','2005-03-10 00:00:00','SA_MAN',12000,0.3,100,80);
INSERT INTO EMPLOYEES04 (EMPLOYEE_ID, FIRST_NAME, LAST_NAME, EMAIL, PHONE_NUMBER, HIRE_DATE, JOB_ID, SALARY, COMMISSION_PCT, MANAGER_ID, DEPARTMENT_ID) VALUES(148,'Gerald','Cambrault','GCAMBRAU','011.44.1344.619268','2007-10-15 00:00:00','SA_MAN',11000,0.3,100,80);
INSERT INTO EMPLOYEES04 (EMPLOYEE_ID, FIRST_NAME, LAST_NAME, EMAIL, PHONE_NUMBER, HIRE_DATE, JOB_ID, SALARY, COMMISSION_PCT, MANAGER_ID, DEPARTMENT_ID) VALUES(149,'Eleni','Zlotkey','EZLOTKEY','011.44.1344.429018','2008-01-29 00:00:00','SA_MAN',10500,0.2,100,80);
INSERT INTO EMPLOYEES04 (EMPLOYEE_ID, FIRST_NAME, LAST_NAME, EMAIL, PHONE_NUMBER, HIRE_DATE, JOB_ID, SALARY, COMMISSION_PCT, MANAGER_ID, DEPARTMENT_ID) VALUES(150,'Peter','Tucker','PTUCKER','011.44.1344.129268','2005-01-30 00:00:00','SA_REP',10000,0.3,145,80);
INSERT INTO EMPLOYEES04 (EMPLOYEE_ID, FIRST_NAME, LAST_NAME, EMAIL, PHONE_NUMBER, HIRE_DATE, JOB_ID, SALARY, COMMISSION_PCT, MANAGER_ID, DEPARTMENT_ID) VALUES(151,'David','Bernstein','DBERNSTE','011.44.1344.345268','2005-03-24 00:00:00','SA_REP',9500,0.25,145,80);
INSERT INTO EMPLOYEES04 (EMPLOYEE_ID, FIRST_NAME, LAST_NAME, EMAIL, PHONE_NUMBER, HIRE_DATE, JOB_ID, SALARY, COMMISSION_PCT, MANAGER_ID, DEPARTMENT_ID) VALUES(152,'Peter','Hall','PHALL','011.44.1344.478968','2005-08-20 00:00:00','SA_REP',9000,0.25,145,80);
INSERT INTO EMPLOYEES04 (EMPLOYEE_ID, FIRST_NAME, LAST_NAME, EMAIL, PHONE_NUMBER, HIRE_DATE, JOB_ID, SALARY, COMMISSION_PCT, MANAGER_ID, DEPARTMENT_ID) VALUES(153,'Christopher','Olsen','COLSEN','011.44.1344.498718','2006-03-30 00:00:00','SA_REP',8000,0.2,145,80);
INSERT INTO EMPLOYEES04 (EMPLOYEE_ID, FIRST_NAME, LAST_NAME, EMAIL, PHONE_NUMBER, HIRE_DATE, JOB_ID, SALARY, COMMISSION_PCT, MANAGER_ID, DEPARTMENT_ID) VALUES(154,'Nanette','Cambrault','NCAMBRAU','011.44.1344.987668','2006-12-09 00:00:00','SA_REP',7500,0.2,145,80);
INSERT INTO EMPLOYEES04 (EMPLOYEE_ID, FIRST_NAME, LAST_NAME, EMAIL, PHONE_NUMBER, HIRE_DATE, JOB_ID, SALARY, COMMISSION_PCT, MANAGER_ID, DEPARTMENT_ID) VALUES(155,'Oliver','Tuvault','OTUVAULT','011.44.1344.486508','2007-11-23 00:00:00','SA_REP',7000,0.15,145,80);
INSERT INTO EMPLOYEES04 (EMPLOYEE_ID, FIRST_NAME, LAST_NAME, EMAIL, PHONE_NUMBER, HIRE_DATE, JOB_ID, SALARY, COMMISSION_PCT, MANAGER_ID, DEPARTMENT_ID) VALUES(156,'Janette','King','JKING','011.44.1345.429268','2004-01-30 00:00:00','SA_REP',10000,0.35,146,80);
INSERT INTO EMPLOYEES04 (EMPLOYEE_ID, FIRST_NAME, LAST_NAME, EMAIL, PHONE_NUMBER, HIRE_DATE, JOB_ID, SALARY, COMMISSION_PCT, MANAGER_ID, DEPARTMENT_ID) VALUES(157,'Patrick','Sully','PSULLY','011.44.1345.929268','2004-03-04 00:00:00','SA_REP',9500,0.35,146,80);
INSERT INTO EMPLOYEES04 (EMPLOYEE_ID, FIRST_NAME, LAST_NAME, EMAIL, PHONE_NUMBER, HIRE_DATE, JOB_ID, SALARY, COMMISSION_PCT, MANAGER_ID, DEPARTMENT_ID) VALUES(158,'Allan','McEwen','AMCEWEN','011.44.1345.829268','2004-08-01 00:00:00','SA_REP',9000,0.35,146,80);
INSERT INTO EMPLOYEES04 (EMPLOYEE_ID, FIRST_NAME, LAST_NAME, EMAIL, PHONE_NUMBER, HIRE_DATE, JOB_ID, SALARY, COMMISSION_PCT, MANAGER_ID, DEPARTMENT_ID) VALUES(159,'Lindsey','Smith','LSMITH','011.44.1345.729268','2005-03-10 00:00:00','SA_REP',8000,0.3,146,80);
INSERT INTO EMPLOYEES04 (EMPLOYEE_ID, FIRST_NAME, LAST_NAME, EMAIL, PHONE_NUMBER, HIRE_DATE, JOB_ID, SALARY, COMMISSION_PCT, MANAGER_ID, DEPARTMENT_ID) VALUES(160,'Louise','Doran','LDORAN','011.44.1345.629268','2005-12-15 00:00:00','SA_REP',7500,0.3,146,80);
INSERT INTO EMPLOYEES04 (EMPLOYEE_ID, FIRST_NAME, LAST_NAME, EMAIL, PHONE_NUMBER, HIRE_DATE, JOB_ID, SALARY, COMMISSION_PCT, MANAGER_ID, DEPARTMENT_ID) VALUES(161,'Sarath','Sewall','SSEWALL','011.44.1345.529268','2006-11-03 00:00:00','SA_REP',7000,0.25,146,80);
INSERT INTO EMPLOYEES04 (EMPLOYEE_ID, FIRST_NAME, LAST_NAME, EMAIL, PHONE_NUMBER, HIRE_DATE, JOB_ID, SALARY, COMMISSION_PCT, MANAGER_ID, DEPARTMENT_ID) VALUES(162,'Clara','Vishney','CVISHNEY','011.44.1346.129268','2005-11-11 00:00:00','SA_REP',10500,0.25,147,80);
INSERT INTO EMPLOYEES04 (EMPLOYEE_ID, FIRST_NAME, LAST_NAME, EMAIL, PHONE_NUMBER, HIRE_DATE, JOB_ID, SALARY, COMMISSION_PCT, MANAGER_ID, DEPARTMENT_ID) VALUES(163,'Danielle','Greene','DGREENE','011.44.1346.229268','2007-03-19 00:00:00','SA_REP',9500,0.15,147,80);
INSERT INTO EMPLOYEES04 (EMPLOYEE_ID, FIRST_NAME, LAST_NAME, EMAIL, PHONE_NUMBER, HIRE_DATE, JOB_ID, SALARY, COMMISSION_PCT, MANAGER_ID, DEPARTMENT_ID) VALUES(164,'Mattea','Marvins','MMARVINS','011.44.1346.329268','2008-01-24 00:00:00','SA_REP',7200,0.1,147,80);
INSERT INTO EMPLOYEES04 (EMPLOYEE_ID, FIRST_NAME, LAST_NAME, EMAIL, PHONE_NUMBER, HIRE_DATE, JOB_ID, SALARY, COMMISSION_PCT, MANAGER_ID, DEPARTMENT_ID) VALUES(165,'David','Lee','DLEE','011.44.1346.529268','2008-02-23 00:00:00','SA_REP',6800,0.1,147,80);
INSERT INTO EMPLOYEES04 (EMPLOYEE_ID, FIRST_NAME, LAST_NAME, EMAIL, PHONE_NUMBER, HIRE_DATE, JOB_ID, SALARY, COMMISSION_PCT, MANAGER_ID, DEPARTMENT_ID) VALUES(166,'Sundar','Ande','SANDE','011.44.1346.629268','2008-03-24 00:00:00','SA_REP',6400,0.1,147,80);
INSERT INTO EMPLOYEES04 (EMPLOYEE_ID, FIRST_NAME, LAST_NAME, EMAIL, PHONE_NUMBER, HIRE_DATE, JOB_ID, SALARY, COMMISSION_PCT, MANAGER_ID, DEPARTMENT_ID) VALUES(167,'Amit','Banda','ABANDA','011.44.1346.729268','2008-04-21 00:00:00','SA_REP',6200,0.1,147,80);
INSERT INTO EMPLOYEES04 (EMPLOYEE_ID, FIRST_NAME, LAST_NAME, EMAIL, PHONE_NUMBER, HIRE_DATE, JOB_ID, SALARY, COMMISSION_PCT, MANAGER_ID, DEPARTMENT_ID) VALUES(168,'Lisa','Ozer','LOZER','011.44.1343.929268','2005-03-11 00:00:00','SA_REP',11500,0.25,148,80);
INSERT INTO EMPLOYEES04 (EMPLOYEE_ID, FIRST_NAME, LAST_NAME, EMAIL, PHONE_NUMBER, HIRE_DATE, JOB_ID, SALARY, COMMISSION_PCT, MANAGER_ID, DEPARTMENT_ID) VALUES(169,'Harrison','Bloom','HBLOOM','011.44.1343.829268','2006-03-23 00:00:00','SA_REP',10000,0.2,148,80);
INSERT INTO EMPLOYEES04 (EMPLOYEE_ID, FIRST_NAME, LAST_NAME, EMAIL, PHONE_NUMBER, HIRE_DATE, JOB_ID, SALARY, COMMISSION_PCT, MANAGER_ID, DEPARTMENT_ID) VALUES(170,'Tayler','Fox','TFOX','011.44.1343.729268','2006-01-24 00:00:00','SA_REP',9600,0.2,148,80);
INSERT INTO EMPLOYEES04 (EMPLOYEE_ID, FIRST_NAME, LAST_NAME, EMAIL, PHONE_NUMBER, HIRE_DATE, JOB_ID, SALARY, COMMISSION_PCT, MANAGER_ID, DEPARTMENT_ID) VALUES(171,'William','Smith','WSMITH','011.44.1343.629268','2007-02-23 00:00:00','SA_REP',7400,0.15,148,80);
INSERT INTO EMPLOYEES04 (EMPLOYEE_ID, FIRST_NAME, LAST_NAME, EMAIL, PHONE_NUMBER, HIRE_DATE, JOB_ID, SALARY, COMMISSION_PCT, MANAGER_ID, DEPARTMENT_ID) VALUES(172,'Elizabeth','Bates','EBATES','011.44.1343.529268','2007-03-24 00:00:00','SA_REP',7300,0.15,148,80);
INSERT INTO EMPLOYEES04 (EMPLOYEE_ID, FIRST_NAME, LAST_NAME, EMAIL, PHONE_NUMBER, HIRE_DATE, JOB_ID, SALARY, COMMISSION_PCT, MANAGER_ID, DEPARTMENT_ID) VALUES(173,'Sundita','Kumar','SKUMAR','011.44.1343.329268','2008-04-21 00:00:00','SA_REP',6100,0.1,148,80);
INSERT INTO EMPLOYEES04 (EMPLOYEE_ID, FIRST_NAME, LAST_NAME, EMAIL, PHONE_NUMBER, HIRE_DATE, JOB_ID, SALARY, COMMISSION_PCT, MANAGER_ID, DEPARTMENT_ID) VALUES(174,'Ellen','Abel','EABEL','011.44.1644.429267','2004-05-11 00:00:00','SA_REP',11000,0.3,149,80);
INSERT INTO EMPLOYEES04 (EMPLOYEE_ID, FIRST_NAME, LAST_NAME, EMAIL, PHONE_NUMBER, HIRE_DATE, JOB_ID, SALARY, COMMISSION_PCT, MANAGER_ID, DEPARTMENT_ID) VALUES(175,'Alyssa','Hutton','AHUTTON','011.44.1644.429266','2005-03-19 00:00:00','SA_REP',8800,0.25,149,80);
INSERT INTO EMPLOYEES04 (EMPLOYEE_ID, FIRST_NAME, LAST_NAME, EMAIL, PHONE_NUMBER, HIRE_DATE, JOB_ID, SALARY, COMMISSION_PCT, MANAGER_ID, DEPARTMENT_ID) VALUES(176,'Jonathon','Taylor','JTAYLOR','011.44.1644.429265','2006-03-24 00:00:00','SA_REP',8600,0.2,149,80);
INSERT INTO EMPLOYEES04 (EMPLOYEE_ID, FIRST_NAME, LAST_NAME, EMAIL, PHONE_NUMBER, HIRE_DATE, JOB_ID, SALARY, COMMISSION_PCT, MANAGER_ID, DEPARTMENT_ID) VALUES(177,'Jack','Livingston','JLIVINGS','011.44.1644.429264','2006-04-23 00:00:00','SA_REP',8400,0.2,149,80);
INSERT INTO EMPLOYEES04 (EMPLOYEE_ID, FIRST_NAME, LAST_NAME, EMAIL, PHONE_NUMBER, HIRE_DATE, JOB_ID, SALARY, COMMISSION_PCT, MANAGER_ID, DEPARTMENT_ID) VALUES(178,'Kimberely','Grant','KGRANT','011.44.1644.429263','2007-05-24 00:00:00','SA_REP',7000,0.15,149,NULL);
INSERT INTO EMPLOYEES04 (EMPLOYEE_ID, FIRST_NAME, LAST_NAME, EMAIL, PHONE_NUMBER, HIRE_DATE, JOB_ID, SALARY, COMMISSION_PCT, MANAGER_ID, DEPARTMENT_ID) VALUES(179,'Charles','Johnson','CJOHNSON','011.44.1644.429262','2008-01-04 00:00:00','SA_REP',6200,0.1,149,80);
INSERT INTO EMPLOYEES04 (EMPLOYEE_ID, FIRST_NAME, LAST_NAME, EMAIL, PHONE_NUMBER, HIRE_DATE, JOB_ID, SALARY, COMMISSION_PCT, MANAGER_ID, DEPARTMENT_ID) VALUES(180,'Winston','Taylor','WTAYLOR','650.507.9876','2006-01-24 00:00:00','SH_CLERK',3200,NULL,120,50);
INSERT INTO EMPLOYEES04 (EMPLOYEE_ID, FIRST_NAME, LAST_NAME, EMAIL, PHONE_NUMBER, HIRE_DATE, JOB_ID, SALARY, COMMISSION_PCT, MANAGER_ID, DEPARTMENT_ID) VALUES(181,'Jean','Fleaur','JFLEAUR','650.507.9877','2006-02-23 00:00:00','SH_CLERK',3100,NULL,120,50);
INSERT INTO EMPLOYEES04 (EMPLOYEE_ID, FIRST_NAME, LAST_NAME, EMAIL, PHONE_NUMBER, HIRE_DATE, JOB_ID, SALARY, COMMISSION_PCT, MANAGER_ID, DEPARTMENT_ID) VALUES(182,'Martha','Sullivan','MSULLIVA','650.507.9878','2007-06-21 00:00:00','SH_CLERK',2500,NULL,120,50);
INSERT INTO EMPLOYEES04 (EMPLOYEE_ID, FIRST_NAME, LAST_NAME, EMAIL, PHONE_NUMBER, HIRE_DATE, JOB_ID, SALARY, COMMISSION_PCT, MANAGER_ID, DEPARTMENT_ID) VALUES(183,'Girard','Geoni','GGEONI','650.507.9879','2008-02-03 00:00:00','SH_CLERK',2800,NULL,120,50);
INSERT INTO EMPLOYEES04 (EMPLOYEE_ID, FIRST_NAME, LAST_NAME, EMAIL, PHONE_NUMBER, HIRE_DATE, JOB_ID, SALARY, COMMISSION_PCT, MANAGER_ID, DEPARTMENT_ID) VALUES(184,'Nandita','Sarchand','NSARCHAN','650.509.1876','2004-01-27 00:00:00','SH_CLERK',4200,NULL,121,50);
INSERT INTO EMPLOYEES04 (EMPLOYEE_ID, FIRST_NAME, LAST_NAME, EMAIL, PHONE_NUMBER, HIRE_DATE, JOB_ID, SALARY, COMMISSION_PCT, MANAGER_ID, DEPARTMENT_ID) VALUES(185,'Alexis','Bull','ABULL','650.509.2876','2005-02-20 00:00:00','SH_CLERK',4100,NULL,121,50);
INSERT INTO EMPLOYEES04 (EMPLOYEE_ID, FIRST_NAME, LAST_NAME, EMAIL, PHONE_NUMBER, HIRE_DATE, JOB_ID, SALARY, COMMISSION_PCT, MANAGER_ID, DEPARTMENT_ID) VALUES(186,'Julia','Dellinger','JDELLING','650.509.3876','2006-06-24 00:00:00','SH_CLERK',3400,NULL,121,50);
INSERT INTO EMPLOYEES04 (EMPLOYEE_ID, FIRST_NAME, LAST_NAME, EMAIL, PHONE_NUMBER, HIRE_DATE, JOB_ID, SALARY, COMMISSION_PCT, MANAGER_ID, DEPARTMENT_ID) VALUES(187,'Anthony','Cabrio','ACABRIO','650.509.4876','2007-02-07 00:00:00','SH_CLERK',3000,NULL,121,50);
INSERT INTO EMPLOYEES04 (EMPLOYEE_ID, FIRST_NAME, LAST_NAME, EMAIL, PHONE_NUMBER, HIRE_DATE, JOB_ID, SALARY, COMMISSION_PCT, MANAGER_ID, DEPARTMENT_ID) VALUES(188,'Kelly','Chung','KCHUNG','650.505.1876','2005-06-14 00:00:00','SH_CLERK',3800,NULL,122,50);
INSERT INTO EMPLOYEES04 (EMPLOYEE_ID, FIRST_NAME, LAST_NAME, EMAIL, PHONE_NUMBER, HIRE_DATE, JOB_ID, SALARY, COMMISSION_PCT, MANAGER_ID, DEPARTMENT_ID) VALUES(189,'Jennifer','Dilly','JDILLY','650.505.2876','2005-08-13 00:00:00','SH_CLERK',3600,NULL,122,50);
INSERT INTO EMPLOYEES04 (EMPLOYEE_ID, FIRST_NAME, LAST_NAME, EMAIL, PHONE_NUMBER, HIRE_DATE, JOB_ID, SALARY, COMMISSION_PCT, MANAGER_ID, DEPARTMENT_ID) VALUES(190,'Timothy','Gates','TGATES','650.505.3876','2006-07-11 00:00:00','SH_CLERK',2900,NULL,122,50);
INSERT INTO EMPLOYEES04 (EMPLOYEE_ID, FIRST_NAME, LAST_NAME, EMAIL, PHONE_NUMBER, HIRE_DATE, JOB_ID, SALARY, COMMISSION_PCT, MANAGER_ID, DEPARTMENT_ID) VALUES(191,'Randall','Perkins','RPERKINS','650.505.4876','2007-12-19 00:00:00','SH_CLERK',2500,NULL,122,50);
INSERT INTO EMPLOYEES04 (EMPLOYEE_ID, FIRST_NAME, LAST_NAME, EMAIL, PHONE_NUMBER, HIRE_DATE, JOB_ID, SALARY, COMMISSION_PCT, MANAGER_ID, DEPARTMENT_ID) VALUES(192,'Sarah','Bell','SBELL','650.501.1876','2004-02-04 00:00:00','SH_CLERK',4000,NULL,123,50);
INSERT INTO EMPLOYEES04 (EMPLOYEE_ID, FIRST_NAME, LAST_NAME, EMAIL, PHONE_NUMBER, HIRE_DATE, JOB_ID, SALARY, COMMISSION_PCT, MANAGER_ID, DEPARTMENT_ID) VALUES(193,'Britney','Everett','BEVERETT','650.501.2876','2005-03-03 00:00:00','SH_CLERK',3900,NULL,123,50);
INSERT INTO EMPLOYEES04 (EMPLOYEE_ID, FIRST_NAME, LAST_NAME, EMAIL, PHONE_NUMBER, HIRE_DATE, JOB_ID, SALARY, COMMISSION_PCT, MANAGER_ID, DEPARTMENT_ID) VALUES(194,'Samuel','McCain','SMCCAIN','650.501.3876','2006-07-01 00:00:00','SH_CLERK',3200,NULL,123,50);
INSERT INTO EMPLOYEES04 (EMPLOYEE_ID, FIRST_NAME, LAST_NAME, EMAIL, PHONE_NUMBER, HIRE_DATE, JOB_ID, SALARY, COMMISSION_PCT, MANAGER_ID, DEPARTMENT_ID) VALUES(195,'Vance','Jones','VJONES','650.501.4876','2007-03-17 00:00:00','SH_CLERK',2800,NULL,123,50);
INSERT INTO EMPLOYEES04 (EMPLOYEE_ID, FIRST_NAME, LAST_NAME, EMAIL, PHONE_NUMBER, HIRE_DATE, JOB_ID, SALARY, COMMISSION_PCT, MANAGER_ID, DEPARTMENT_ID) VALUES(196,'Alana','Walsh','AWALSH','650.507.9811','2006-04-24 00:00:00','SH_CLERK',3100,NULL,124,50);
INSERT INTO EMPLOYEES04 (EMPLOYEE_ID, FIRST_NAME, LAST_NAME, EMAIL, PHONE_NUMBER, HIRE_DATE, JOB_ID, SALARY, COMMISSION_PCT, MANAGER_ID, DEPARTMENT_ID) VALUES(197,'Kevin','Feeney','KFEENEY','650.507.9822','2006-05-23 00:00:00','SH_CLERK',3000,NULL,124,50);
INSERT INTO EMPLOYEES04 (EMPLOYEE_ID, FIRST_NAME, LAST_NAME, EMAIL, PHONE_NUMBER, HIRE_DATE, JOB_ID, SALARY, COMMISSION_PCT, MANAGER_ID, DEPARTMENT_ID) VALUES(198,'Donald','OConnell','DOCONNEL','650.507.9833','2007-06-21 00:00:00','SH_CLERK',2600,NULL,124,50);
INSERT INTO EMPLOYEES04 (EMPLOYEE_ID, FIRST_NAME, LAST_NAME, EMAIL, PHONE_NUMBER, HIRE_DATE, JOB_ID, SALARY, COMMISSION_PCT, MANAGER_ID, DEPARTMENT_ID) VALUES(199,'Douglas','Grant','DGRANT','650.507.9844','2008-01-13 00:00:00','SH_CLERK',2600,NULL,124,50);
INSERT INTO EMPLOYEES04 (EMPLOYEE_ID, FIRST_NAME, LAST_NAME, EMAIL, PHONE_NUMBER, HIRE_DATE, JOB_ID, SALARY, COMMISSION_PCT, MANAGER_ID, DEPARTMENT_ID) VALUES(200,'Jennifer','Whalen','JWHALEN','515.123.4444','2003-09-17 00:00:00','AD_ASST',4400,NULL,101,10);
INSERT INTO EMPLOYEES04 (EMPLOYEE_ID, FIRST_NAME, LAST_NAME, EMAIL, PHONE_NUMBER, HIRE_DATE, JOB_ID, SALARY, COMMISSION_PCT, MANAGER_ID, DEPARTMENT_ID) VALUES(201,'Michael','Hartstein','MHARTSTE','515.123.5555','2004-02-17 00:00:00','MK_MAN',13000,NULL,100,20);
INSERT INTO EMPLOYEES04 (EMPLOYEE_ID, FIRST_NAME, LAST_NAME, EMAIL, PHONE_NUMBER, HIRE_DATE, JOB_ID, SALARY, COMMISSION_PCT, MANAGER_ID, DEPARTMENT_ID) VALUES(202,'Pat','Fay','PFAY','603.123.6666','2005-08-17 00:00:00','MK_REP',6000,NULL,201,20);
INSERT INTO EMPLOYEES04 (EMPLOYEE_ID, FIRST_NAME, LAST_NAME, EMAIL, PHONE_NUMBER, HIRE_DATE, JOB_ID, SALARY, COMMISSION_PCT, MANAGER_ID, DEPARTMENT_ID) VALUES(203,'Susan','Mavris','SMAVRIS','515.123.7777','2002-06-07 00:00:00','HR_REP',6500,NULL,101,40);
INSERT INTO EMPLOYEES04 (EMPLOYEE_ID, FIRST_NAME, LAST_NAME, EMAIL, PHONE_NUMBER, HIRE_DATE, JOB_ID, SALARY, COMMISSION_PCT, MANAGER_ID, DEPARTMENT_ID) VALUES(204,'Hermann','Baer','HBAER','515.123.8888','2002-06-07 00:00:00','PR_REP',10000,NULL,101,70);
INSERT INTO EMPLOYEES04 (EMPLOYEE_ID, FIRST_NAME, LAST_NAME, EMAIL, PHONE_NUMBER, HIRE_DATE, JOB_ID, SALARY, COMMISSION_PCT, MANAGER_ID, DEPARTMENT_ID) VALUES(205,'Shelley','Higgins','SHIGGINS','515.123.8080','2002-06-07 00:00:00','AC_MGR',12008,NULL,101,110);
INSERT INTO EMPLOYEES04 (EMPLOYEE_ID, FIRST_NAME, LAST_NAME, EMAIL, PHONE_NUMBER, HIRE_DATE, JOB_ID, SALARY, COMMISSION_PCT, MANAGER_ID, DEPARTMENT_ID) VALUES(206,'William','Gietz','WGIETZ','515.123.8181','2002-06-07 00:00:00','AC_ACCOUNT',8300,NULL,205,110);


-- 『EMPLOYEES04』 제약조건 테이블 생성 이후 지정
/*
ALTER TABLE EMPLOYEES04
ADD ( CONSTRAINT EMP04_LAST_NAME_NN     CHECK(LAST_NAME IS NOT NULL)
    , CONSTRAINT EMP04_EMAIL_NN         CHECK(EMAIL IS NOT NULL)
    , CONSTRAINT EMP04_HIRE_DATE_NN     CHECK(HIRE_DATE IS NOT NULL)
    , CONSTRAINT EMP04_JOB_NN           CHECK(JOB_ID IS NOT NULL)
    , CONSTRAINT EMP04_SALARY_MIN       CHECK(SALARY > 0)
    , CONSTRAINT EMP04_EMAIL_UK         UNIQUE(EMAIL)
    , CONSTRAINT EMP04_DEPT_FK          FOREIGN KEY(DEPARTMENT_ID)
                         REFERENCES DEPARTMENTS04(DEPARTMENT_ID)
                         
    );
*/

--『DEPARTMENTS04』 테이블 생성과 데이터 입력 먼저하고, 밑에 구문 추가해주세요. 
ALTER TABLE EMPLOYEES04
ADD ( CONSTRAINT EMP04_SALARY_MIN       CHECK(SALARY > 0)
    , CONSTRAINT EMP04_EMAIL_UK         UNIQUE(EMAIL)
    , CONSTRAINT EMP04_DEPT_FK          FOREIGN KEY(DEPARTMENT_ID)
                     REFERENCES DEPARTMENTS04(DEPARTMENT_ID)
    , CONSTRAINT EMP04_JOB_FK           FOREIGN KEY(JOB_ID) 
                     REFERENCES JOBS04(JOB_ID)
);
                     
ALTER TABLE EMPLOYEES04
MODIFY LAST_NAME                CONSTRAINT EMP04_LAST_NAME_NN NOT NULL;
ALTER TABLE EMPLOYEES04
MODIFY EMAIL                    CONSTRAINT EMP04_EMAIL_NN NOT NULL;
ALTER TABLE EMPLOYEES04
MODIFY HIRE_DATE                CONSTRAINT EMP04_HIRE_DATE_NN NOT NULL;
ALTER TABLE EMPLOYEES04
MODIFY JOB_ID                   CONSTRAINT EMP04_JOB_NN NOT NULL;

    

-- EMPLOYEE 데이터 입력 후 아래 구문 실행해주세요.    
    ALTER TABLE EMPLOYEES04
    ADD CONSTRAINT EMP04_EMP_ID_PK      PRIMARY KEY(EMPLOYEE_ID);
    
    ALTER TABLE EMPLOYEES04
    ADD CONSTRAINT EMP04_MANAGER_FK     FOREIGN KEY(MANAGER_ID) 
                REFERENCES EMPLOYEES04(EMPLOYEE_ID);


--○ 『DEPARTMENTS04』 테이블 생성
CREATE TABLE DEPARTMENTS04
( DEPARTMENT_ID       NUMBER(4)    
, DEPARTMENT_NAME     VARCHAR2(30)      CONSTRAINT DEPT04_NAME_NN NOT NULL
, MANAGER_ID          NUMBER(6)    
, LOCATION_ID         NUMBER(4)    
, CONSTRAINT DEPT04_ID_PK               PRIMARY KEY(DEPARTMENT_ID)
);
-- 생성완료 

ALTER TABLE DEPARTMENTS04
ADD (CONSTRAINT DEPT04_LOC_FK           FOREIGN KEY (LOCATION_ID) 
                REFERENCES LOCATIONS04(LOCATION_ID)
    , CONSTRAINT DEPT04_MGR_FK          FOREIGN KEY (MANAGER_ID)    
            REFERENCES EMPLOYEES04(EMPLOYEE_ID));
-- Table DEPARTMENTS04이(가) 변경되었습니다.


--○ 『DEPARTMENTS04』 데이터 입력
INSERT INTO DEPARTMENTS04(DEPARTMENT_ID, DEPARTMENT_NAME, MANAGER_ID, LOCATION_ID) VALUES(10,'Administration',200,1700);
INSERT INTO DEPARTMENTS04(DEPARTMENT_ID, DEPARTMENT_NAME, MANAGER_ID, LOCATION_ID) VALUES(20,'Marketing',201,1800);
INSERT INTO DEPARTMENTS04(DEPARTMENT_ID, DEPARTMENT_NAME, MANAGER_ID, LOCATION_ID) VALUES(30,'Purchasing',114,1700);
INSERT INTO DEPARTMENTS04(DEPARTMENT_ID, DEPARTMENT_NAME, MANAGER_ID, LOCATION_ID) VALUES(40,'Human Resources',203,2400);
INSERT INTO DEPARTMENTS04(DEPARTMENT_ID, DEPARTMENT_NAME, MANAGER_ID, LOCATION_ID) VALUES(50,'Shipping',121,1500);
INSERT INTO DEPARTMENTS04(DEPARTMENT_ID, DEPARTMENT_NAME, MANAGER_ID, LOCATION_ID) VALUES(60,'IT',103,1400);
INSERT INTO DEPARTMENTS04(DEPARTMENT_ID, DEPARTMENT_NAME, MANAGER_ID, LOCATION_ID) VALUES(70,'Public Relations',204,2700);
INSERT INTO DEPARTMENTS04(DEPARTMENT_ID, DEPARTMENT_NAME, MANAGER_ID, LOCATION_ID) VALUES(80,'Sales',145,2500);
INSERT INTO DEPARTMENTS04(DEPARTMENT_ID, DEPARTMENT_NAME, MANAGER_ID, LOCATION_ID) VALUES(90,'Executive',100,1700);
INSERT INTO DEPARTMENTS04(DEPARTMENT_ID, DEPARTMENT_NAME, MANAGER_ID, LOCATION_ID) VALUES(100,'Finance',108,1700);
INSERT INTO DEPARTMENTS04(DEPARTMENT_ID, DEPARTMENT_NAME, MANAGER_ID, LOCATION_ID) VALUES(110,'Accounting',205,1700);
INSERT INTO DEPARTMENTS04(DEPARTMENT_ID, DEPARTMENT_NAME, MANAGER_ID, LOCATION_ID) VALUES(120,'Treasury',NULL,1700);
INSERT INTO DEPARTMENTS04(DEPARTMENT_ID, DEPARTMENT_NAME, MANAGER_ID, LOCATION_ID) VALUES(130,'Corporate Tax',NULL,1700);
INSERT INTO DEPARTMENTS04(DEPARTMENT_ID, DEPARTMENT_NAME, MANAGER_ID, LOCATION_ID) VALUES(140,'Control And Credit',NULL,1700);
INSERT INTO DEPARTMENTS04(DEPARTMENT_ID, DEPARTMENT_NAME, MANAGER_ID, LOCATION_ID) VALUES(150,'Shareholder Services',NULL,1700);
INSERT INTO DEPARTMENTS04(DEPARTMENT_ID, DEPARTMENT_NAME, MANAGER_ID, LOCATION_ID) VALUES(160,'Benefits',NULL,1700);
INSERT INTO DEPARTMENTS04(DEPARTMENT_ID, DEPARTMENT_NAME, MANAGER_ID, LOCATION_ID) VALUES(170,'Manufacturing',NULL,1700);
INSERT INTO DEPARTMENTS04(DEPARTMENT_ID, DEPARTMENT_NAME, MANAGER_ID, LOCATION_ID) VALUES(190,'Contracting',NULL,1700);
INSERT INTO DEPARTMENTS04(DEPARTMENT_ID, DEPARTMENT_NAME, MANAGER_ID, LOCATION_ID) VALUES(200,'Operations',NULL,1700);
INSERT INTO DEPARTMENTS04(DEPARTMENT_ID, DEPARTMENT_NAME, MANAGER_ID, LOCATION_ID) VALUES(210,'IT Support',NULL,1700);
INSERT INTO DEPARTMENTS04(DEPARTMENT_ID, DEPARTMENT_NAME, MANAGER_ID, LOCATION_ID) VALUES(220,'NOC',NULL,1700);
INSERT INTO DEPARTMENTS04(DEPARTMENT_ID, DEPARTMENT_NAME, MANAGER_ID, LOCATION_ID) VALUES(230,'IT Helpdesk',NULL,1700);
INSERT INTO DEPARTMENTS04(DEPARTMENT_ID, DEPARTMENT_NAME, MANAGER_ID, LOCATION_ID) VALUES(240,'Government Sales',NULL,1700);
INSERT INTO DEPARTMENTS04(DEPARTMENT_ID, DEPARTMENT_NAME, MANAGER_ID, LOCATION_ID) VALUES(250,'Retail Sales',NULL,1700);
INSERT INTO DEPARTMENTS04(DEPARTMENT_ID, DEPARTMENT_NAME, MANAGER_ID, LOCATION_ID) VALUES(260,'Recruiting',NULL,1700);
INSERT INTO DEPARTMENTS04(DEPARTMENT_ID, DEPARTMENT_NAME, MANAGER_ID, LOCATION_ID) VALUES(270,'Payroll',NULL,1700);



--○ 『JOB_HISTORY04』 테이블 생성

CREATE TABLE JOB_HISTORY04
( EMPLOYEE_ID     NUMBER(6)                 CONSTRAINT JHIST_EMPLOYEE04_NN NOT NULL
, START_DATE      DATE                      CONSTRAINT JHIST_START04_NN NOT NULL
, END_DATE        DATE                      CONSTRAINT JHIST_END04_NN NOT NULL
, JOB_ID          VARCHAR2(10)              CONSTRAINT JHIST_JOB04_NN NOT NULL
, DEPARTMENT_ID   NUMBER(4)
, CONSTRAINT JHIST_EMP04_ID_ST_DATE_PK      PRIMARY KEY(EMPLOYEE_ID,START_DATE)
, CONSTRAINT JHIST_DATE04_INTERVAL          CHECK(END_DATE > START_DATE)
, CONSTRAINT JHIST_JOB04_FK                 FOREIGN KEY(JOB_ID) 
            REFERENCES JOBS04(JOB_ID)
, CONSTRAINT JHIST_EMP04_FK                 FOREIGN KEY(EMPLOYEE_ID) 
            REFERENCES EMPLOYEES04(EMPLOYEE_ID) 
, CONSTRAINT JHIST_DEPT04_FK                FOREIGN KEY(DEPARTMENT_ID) 
            REFERENCES DEPARTMENTS04(DEPARTMENT_ID) 
);    
--Table JOB_HISTORY04이(가) 생성되었습니다.



INSERT INTO JOB_HISTORY04(EMPLOYEE_ID, START_DATE, END_DATE, JOB_ID, DEPARTMENT_ID) VALUES(102,	TO_DATE('2001-01-13 00:00:00', 'YYYY-MM-DD HH24:MI:SS'), TO_DATE('2006-07-24 00:00:00', 'YYYY-MM-DD HH24:MI:SS'), 'IT_PROG', 60);
INSERT INTO JOB_HISTORY04(EMPLOYEE_ID, START_DATE, END_DATE, JOB_ID, DEPARTMENT_ID) VALUES(101,	TO_DATE('1997-09-21 00:00:00', 'YYYY-MM-DD HH24:MI:SS'), TO_DATE('2001-10-27 00:00:00', 'YYYY-MM-DD HH24:MI:SS'), 'AC_ACCOUNT', 110);
INSERT INTO JOB_HISTORY04(EMPLOYEE_ID, START_DATE, END_DATE, JOB_ID, DEPARTMENT_ID) VALUES(101,	TO_DATE('2001-10-28 00:00:00', 'YYYY-MM-DD HH24:MI:SS'), TO_DATE('2005-03-15 00:00:00', 'YYYY-MM-DD HH24:MI:SS'), 'AC_MGR', 110);
INSERT INTO JOB_HISTORY04(EMPLOYEE_ID, START_DATE, END_DATE, JOB_ID, DEPARTMENT_ID) VALUES(201,	TO_DATE('2004-02-17 00:00:00', 'YYYY-MM-DD HH24:MI:SS'), TO_DATE('2007-12-19 00:00:00', 'YYYY-MM-DD HH24:MI:SS'), 'MK_REP', 20);
INSERT INTO JOB_HISTORY04(EMPLOYEE_ID, START_DATE, END_DATE, JOB_ID, DEPARTMENT_ID) VALUES(114,	TO_DATE('2006-03-24 00:00:00', 'YYYY-MM-DD HH24:MI:SS'), TO_DATE('2007-12-31 00:00:00', 'YYYY-MM-DD HH24:MI:SS'), 'ST_CLERK', 50);
INSERT INTO JOB_HISTORY04(EMPLOYEE_ID, START_DATE, END_DATE, JOB_ID, DEPARTMENT_ID) VALUES(122,	TO_DATE('2007-01-01 00:00:00', 'YYYY-MM-DD HH24:MI:SS'), TO_DATE('2007-12-31 00:00:00', 'YYYY-MM-DD HH24:MI:SS'), 'ST_CLERK', 50);
INSERT INTO JOB_HISTORY04(EMPLOYEE_ID, START_DATE, END_DATE, JOB_ID, DEPARTMENT_ID) VALUES(200,	TO_DATE('1995-09-17 00:00:00', 'YYYY-MM-DD HH24:MI:SS'), TO_DATE('2001-06-17 00:00:00', 'YYYY-MM-DD HH24:MI:SS'), 'AD_ASST', 90);
INSERT INTO JOB_HISTORY04(EMPLOYEE_ID, START_DATE, END_DATE, JOB_ID, DEPARTMENT_ID) VALUES(176,	TO_DATE('2006-03-24 00:00:00', 'YYYY-MM-DD HH24:MI:SS'), TO_DATE('2006-12-31 00:00:00', 'YYYY-MM-DD HH24:MI:SS'), 'SA_REP', 80);
INSERT INTO JOB_HISTORY04(EMPLOYEE_ID, START_DATE, END_DATE, JOB_ID, DEPARTMENT_ID) VALUES(176,	TO_DATE('2007-01-01 00:00:00', 'YYYY-MM-DD HH24:MI:SS'), TO_DATE('2007-12-31 00:00:00', 'YYYY-MM-DD HH24:MI:SS'), 'SA_MAN', 80);
INSERT INTO JOB_HISTORY04(EMPLOYEE_ID, START_DATE, END_DATE, JOB_ID, DEPARTMENT_ID) VALUES(200,	TO_DATE('2002-07-01 00:00:00', 'YYYY-MM-DD HH24:MI:SS'), TO_DATE('2006-12-31 00:00:00', 'YYYY-MM-DD HH24:MI:SS'), 'AC_ACCOUNT', 90);
-- 데이터 입력됨

